[{"pk": 1, "model": "jobservice.taskdescription", "fields": {"task_name": "dataservice.tasks.proxyvideo"}}, {"pk": 5, "model": "jobservice.taskdescription", "fields": {"task_name": "jobservice.tasks.render_blender"}}, {"pk": 7, "model": "jobservice.taskdescription", "fields": {"task_name": "jobservice.tasks.copyfromurl"}}, {"pk": 8, "model": "jobservice.taskdescription", "fields": {"task_name": "dataservice.tasks.posterimage"}}, {"pk": 11, "model": "jobservice.taskdescription", "fields": {"task_name": "dataservice.tasks.mimefile"}}, {"pk": 14, "model": "jobservice.taskdescription", "fields": {"task_name": "dataservice.tasks.md5file"}}, {"pk": 15, "model": "jobservice.taskdescription", "fields": {"task_name": "dataservice.tasks.mfilefetch"}}, {"pk": 18, "model": "jobservice.taskdescription", "fields": {"task_name": "dataservice.tasks.transcodevideo"}}, {"pk": 20, "model": "jobservice.taskdescription", "fields": {"task_name": "dataservice.tasks.postervideo"}}, {"pk": 22, "model": "jobservice.taskdescription", "fields": {"task_name": "dataservice.tasks.thumbimage"}}, {"pk": 25, "model": "jobservice.taskdescription", "fields": {"task_name": "dataservice.tasks.thumbvideo"}}, {"pk": 26, "model": "jobservice.taskdescription", "fields": {"task_name": "dataservice.tasks.md5fileverify"}}, {"pk": 28, "model": "jobservice.taskdescription", "fields": {"task_name": "dataservice.tasks.dumbtask"}}, {"pk": 31, "model": "jobservice.taskdescription", "fields": {"task_name": "dataservice.tasks.swirl"}}, {"pk": 33, "model": "jobservice.taskdescription", "fields": {"task_name": "dataservice.tasks.backup_mfile"}}, {"pk": 1, "model": "jobservice.taskinput", "fields": {"mimetype": "video", "num": 0, "taskdescription": 1}}, {"pk": 5, "model": "jobservice.taskinput", "fields": {"mimetype": "application/octet-stream", "num": 0, "taskdescription": 5}}, {"pk": 7, "model": "jobservice.taskinput", "fields": {"mimetype": "image/png", "num": 0, "taskdescription": 8}}, {"pk": 10, "model": "jobservice.taskinput", "fields": {"mimetype": "application/octet-stream", "num": 0, "taskdescription": 11}}, {"pk": 13, "model": "jobservice.taskinput", "fields": {"mimetype": "application/octet-stream", "num": 0, "taskdescription": 14}}, {"pk": 14, "model": "jobservice.taskinput", "fields": {"mimetype": "video", "num": 0, "taskdescription": 15}}, {"pk": 17, "model": "jobservice.taskinput", "fields": {"mimetype": "video", "num": 0, "taskdescription": 18}}, {"pk": 19, "model": "jobservice.taskinput", "fields": {"mimetype": "video", "num": 0, "taskdescription": 20}}, {"pk": 21, "model": "jobservice.taskinput", "fields": {"mimetype": "image/png", "num": 0, "taskdescription": 22}}, {"pk": 25, "model": "jobservice.taskinput", "fields": {"mimetype": "video", "num": 0, "taskdescription": 25}}, {"pk": 26, "model": "jobservice.taskinput", "fields": {"mimetype": "application/octet-stream", "num": 0, "taskdescription": 26}}, {"pk": 28, "model": "jobservice.taskinput", "fields": {"mimetype": "image/jpeg", "num": 0, "taskdescription": 28}}, {"pk": 31, "model": "jobservice.taskinput", "fields": {"mimetype": "image/jpg", "num": 0, "taskdescription": 31}}, {"pk": 33, "model": "jobservice.taskinput", "fields": {"mimetype": "application/octet-stream", "num": 0, "taskdescription": 33}}, {"pk": 21, "model": "jobservice.taskoutput", "fields": {"mimetype": "image/png", "num": 0, "taskdescription": 22}}, {"pk": 3, "model": "jobservice.taskoutput", "fields": {"mimetype": "image/png", "num": 0, "taskdescription": 5}}, {"pk": 5, "model": "jobservice.taskoutput", "fields": {"mimetype": "application/octet-stream", "num": 0, "taskdescription": 7}}, {"pk": 23, "model": "jobservice.taskoutput", "fields": {"mimetype": "image/png", "num": 0, "taskdescription": 8}}, {"pk": 7, "model": "jobservice.taskoutput", "fields": {"mimetype": "application/octet-stream", "num": 0, "taskdescription": 15}}, {"pk": 9, "model": "jobservice.taskoutput", "fields": {"mimetype": "video/mp4", "num": 0, "taskdescription": 18}}, {"pk": 22, "model": "jobservice.taskoutput", "fields": {"mimetype": "image/png", "num": 0, "taskdescription": 20}}, {"pk": 14, "model": "jobservice.taskoutput", "fields": {"mimetype": "text/plain", "num": 0, "taskdescription": 28}}, {"pk": 18, "model": "jobservice.taskoutput", "fields": {"mimetype": "image/jpg", "num": 0, "taskdescription": 31}}, {"pk": 24, "model": "jobservice.taskoutput", "fields": {"mimetype": "video/mp4", "num": 0, "taskdescription": 1}}, {"pk": 2, "model": "jobservice.taskresult", "fields": {"taskdescription": 11, "name": "mimetype"}}, {"pk": 3, "model": "jobservice.taskresult", "fields": {"taskdescription": 14, "name": "md5"}}, {"pk": 1, "model": "jobservice.taskoption", "fields": {"taskdescription": 1, "name": "width"}}, {"pk": 2, "model": "jobservice.taskoption", "fields": {"taskdescription": 1, "name": "height"}}, {"pk": 4, "model": "jobservice.taskoption", "fields": {"taskdescription": 5, "name": "frame"}}, {"pk": 8, "model": "jobservice.taskoption", "fields": {"taskdescription": 7, "name": "url"}}, {"pk": 9, "model": "jobservice.taskoption", "fields": {"taskdescription": 8, "name": "width"}}, {"pk": 10, "model": "jobservice.taskoption", "fields": {"taskdescription": 8, "name": "height"}}, {"pk": 23, "model": "jobservice.taskoption", "fields": {"taskdescription": 18, "name": "width"}}, {"pk": 24, "model": "jobservice.taskoption", "fields": {"taskdescription": 18, "name": "height"}}, {"pk": 26, "model": "jobservice.taskoption", "fields": {"taskdescription": 20, "name": "width"}}, {"pk": 27, "model": "jobservice.taskoption", "fields": {"taskdescription": 20, "name": "height"}}, {"pk": 28, "model": "jobservice.taskoption", "fields": {"taskdescription": 22, "name": "width"}}, {"pk": 29, "model": "jobservice.taskoption", "fields": {"taskdescription": 22, "name": "height"}}, {"pk": 35, "model": "jobservice.taskoption", "fields": {"taskdescription": 25, "name": "width"}}, {"pk": 36, "model": "jobservice.taskoption", "fields": {"taskdescription": 25, "name": "height"}}]