[{"pk": 1, "model": "jobservice.taskdescription", "fields": {"task_name": "dataservice.tasks.proxyvideo"}}, {"pk": 2, "model": "jobservice.taskdescription", "fields": {"task_name": "prestoprime.tasks.mxftechmdextractor"}}, {"pk": 3, "model": "jobservice.taskdescription", "fields": {"task_name": "md5file"}}, {"pk": 4, "model": "jobservice.taskdescription", "fields": {"task_name": "digitalrapids"}}, {"pk": 5, "model": "jobservice.taskdescription", "fields": {"task_name": "jobservice.tasks.render_blender"}}, {"pk": 6, "model": "jobservice.taskdescription", "fields": {"task_name": "transcodevideo"}}, {"pk": 7, "model": "jobservice.taskdescription", "fields": {"task_name": "jobservice.tasks.copyfromurl"}}, {"pk": 8, "model": "jobservice.taskdescription", "fields": {"task_name": "dataservice.tasks.posterimage"}}, {"pk": 9, "model": "jobservice.taskdescription", "fields": {"task_name": "thumbimage"}}, {"pk": 10, "model": "jobservice.taskdescription", "fields": {"task_name": "postervideo"}}, {"pk": 11, "model": "jobservice.taskdescription", "fields": {"task_name": "mimefile"}}, {"pk": 12, "model": "jobservice.taskdescription", "fields": {"task_name": "prestoprime.tasks.extractd10frame"}}, {"pk": 13, "model": "jobservice.taskdescription", "fields": {"task_name": "thumbvideo"}}, {"pk": 14, "model": "jobservice.taskdescription", "fields": {"task_name": "dataservice.tasks.md5file"}}, {"pk": 15, "model": "jobservice.taskdescription", "fields": {"task_name": "dataservice.tasks.mfilefetch"}}, {"pk": 16, "model": "jobservice.taskdescription", "fields": {"task_name": "red2dtranscode"}}, {"pk": 17, "model": "jobservice.taskdescription", "fields": {"task_name": "posterimage"}}, {"pk": 18, "model": "jobservice.taskdescription", "fields": {"task_name": "dataservice.tasks.transcodevideo"}}, {"pk": 19, "model": "jobservice.taskdescription", "fields": {"task_name": "prestoprime.tasks.mxfframecount"}}, {"pk": 20, "model": "jobservice.taskdescription", "fields": {"task_name": "dataservice.tasks.postervideo"}}, {"pk": 21, "model": "jobservice.taskdescription", "fields": {"task_name": "prestoprime.tasks.d10mxfchecksum"}}, {"pk": 22, "model": "jobservice.taskdescription", "fields": {"task_name": "dataservice.tasks.thumbimage"}}, {"pk": 23, "model": "jobservice.taskdescription", "fields": {"task_name": "proxyvideo"}}, {"pk": 24, "model": "jobservice.taskdescription", "fields": {"task_name": "red3dmux"}}, {"pk": 25, "model": "jobservice.taskdescription", "fields": {"task_name": "dataservice.tasks.thumbvideo"}}, {"pk": 26, "model": "jobservice.taskdescription", "fields": {"task_name": "dataservice.tasks.md5fileverify"}}, {"pk": 1, "model": "jobservice.taskresult", "fields": {"taskdescription": 3, "name": "md5"}}, {"pk": 2, "model": "jobservice.taskresult", "fields": {"taskdescription": 11, "name": "mimetype"}}, {"pk": 3, "model": "jobservice.taskresult", "fields": {"taskdescription": 14, "name": "md5"}}, {"pk": 4, "model": "jobservice.taskresult", "fields": {"taskdescription": 19, "name": "lines"}}, {"pk": 1, "model": "jobservice.taskoption", "fields": {"taskdescription": 1, "name": "width"}}, {"pk": 2, "model": "jobservice.taskoption", "fields": {"taskdescription": 1, "name": "height"}}, {"pk": 3, "model": "jobservice.taskoption", "fields": {"taskdescription": 1, "name": "ffmpeg_args"}}, {"pk": 4, "model": "jobservice.taskoption", "fields": {"taskdescription": 5, "name": "frame"}}, {"pk": 5, "model": "jobservice.taskoption", "fields": {"taskdescription": 6, "name": "width"}}, {"pk": 6, "model": "jobservice.taskoption", "fields": {"taskdescription": 6, "name": "height"}}, {"pk": 7, "model": "jobservice.taskoption", "fields": {"taskdescription": 6, "name": "ffmpeg_args"}}, {"pk": 8, "model": "jobservice.taskoption", "fields": {"taskdescription": 7, "name": "url"}}, {"pk": 9, "model": "jobservice.taskoption", "fields": {"taskdescription": 8, "name": "width"}}, {"pk": 10, "model": "jobservice.taskoption", "fields": {"taskdescription": 8, "name": "height"}}, {"pk": 11, "model": "jobservice.taskoption", "fields": {"taskdescription": 9, "name": "width"}}, {"pk": 12, "model": "jobservice.taskoption", "fields": {"taskdescription": 9, "name": "height"}}, {"pk": 13, "model": "jobservice.taskoption", "fields": {"taskdescription": 10, "name": "width"}}, {"pk": 14, "model": "jobservice.taskoption", "fields": {"taskdescription": 10, "name": "height"}}, {"pk": 15, "model": "jobservice.taskoption", "fields": {"taskdescription": 12, "name": "frame"}}, {"pk": 16, "model": "jobservice.taskoption", "fields": {"taskdescription": 13, "name": "width"}}, {"pk": 17, "model": "jobservice.taskoption", "fields": {"taskdescription": 13, "name": "height"}}, {"pk": 18, "model": "jobservice.taskoption", "fields": {"taskdescription": 16, "name": "export_type"}}, {"pk": 19, "model": "jobservice.taskoption", "fields": {"taskdescription": 16, "name": "start_frame"}}, {"pk": 20, "model": "jobservice.taskoption", "fields": {"taskdescription": 16, "name": "end_frame"}}, {"pk": 21, "model": "jobservice.taskoption", "fields": {"taskdescription": 17, "name": "width"}}, {"pk": 22, "model": "jobservice.taskoption", "fields": {"taskdescription": 17, "name": "height"}}, {"pk": 23, "model": "jobservice.taskoption", "fields": {"taskdescription": 18, "name": "width"}}, {"pk": 24, "model": "jobservice.taskoption", "fields": {"taskdescription": 18, "name": "height"}}, {"pk": 25, "model": "jobservice.taskoption", "fields": {"taskdescription": 18, "name": "ffmpeg_args"}}, {"pk": 26, "model": "jobservice.taskoption", "fields": {"taskdescription": 20, "name": "width"}}, {"pk": 27, "model": "jobservice.taskoption", "fields": {"taskdescription": 20, "name": "height"}}, {"pk": 28, "model": "jobservice.taskoption", "fields": {"taskdescription": 22, "name": "width"}}, {"pk": 29, "model": "jobservice.taskoption", "fields": {"taskdescription": 22, "name": "height"}}, {"pk": 30, "model": "jobservice.taskoption", "fields": {"taskdescription": 23, "name": "width"}}, {"pk": 31, "model": "jobservice.taskoption", "fields": {"taskdescription": 23, "name": "height"}}, {"pk": 32, "model": "jobservice.taskoption", "fields": {"taskdescription": 23, "name": "ffmpeg_args"}}, {"pk": 33, "model": "jobservice.taskoption", "fields": {"taskdescription": 24, "name": "start_frame"}}, {"pk": 34, "model": "jobservice.taskoption", "fields": {"taskdescription": 24, "name": "end_frame"}}, {"pk": 35, "model": "jobservice.taskoption", "fields": {"taskdescription": 25, "name": "width"}}, {"pk": 36, "model": "jobservice.taskoption", "fields": {"taskdescription": 25, "name": "height"}}, {"pk": 1, "model": "jobservice.taskinput", "fields": {"mimetype": "video", "num": 0, "taskdescription": 1}}, {"pk": 2, "model": "jobservice.taskinput", "fields": {"mimetype": "application/octet-stream", "num": 0, "taskdescription": 2}}, {"pk": 3, "model": "jobservice.taskinput", "fields": {"mimetype": "application/octet-stream", "num": 0, "taskdescription": 3}}, {"pk": 4, "model": "jobservice.taskinput", "fields": {"mimetype": "video", "num": 0, "taskdescription": 4}}, {"pk": 5, "model": "jobservice.taskinput", "fields": {"mimetype": "application/octet-stream", "num": 0, "taskdescription": 5}}, {"pk": 6, "model": "jobservice.taskinput", "fields": {"mimetype": "video", "num": 0, "taskdescription": 6}}, {"pk": 7, "model": "jobservice.taskinput", "fields": {"mimetype": "image/png", "num": 0, "taskdescription": 8}}, {"pk": 8, "model": "jobservice.taskinput", "fields": {"mimetype": "image/png", "num": 0, "taskdescription": 9}}, {"pk": 9, "model": "jobservice.taskinput", "fields": {"mimetype": "video", "num": 0, "taskdescription": 10}}, {"pk": 10, "model": "jobservice.taskinput", "fields": {"mimetype": "application/octet-stream", "num": 0, "taskdescription": 11}}, {"pk": 11, "model": "jobservice.taskinput", "fields": {"mimetype": "application/octet-stream", "num": 0, "taskdescription": 12}}, {"pk": 12, "model": "jobservice.taskinput", "fields": {"mimetype": "video", "num": 0, "taskdescription": 13}}, {"pk": 13, "model": "jobservice.taskinput", "fields": {"mimetype": "application/octet-stream", "num": 0, "taskdescription": 14}}, {"pk": 14, "model": "jobservice.taskinput", "fields": {"mimetype": "video", "num": 0, "taskdescription": 15}}, {"pk": 15, "model": "jobservice.taskinput", "fields": {"mimetype": "video", "num": 0, "taskdescription": 16}}, {"pk": 16, "model": "jobservice.taskinput", "fields": {"mimetype": "image/png", "num": 0, "taskdescription": 17}}, {"pk": 17, "model": "jobservice.taskinput", "fields": {"mimetype": "video", "num": 0, "taskdescription": 18}}, {"pk": 18, "model": "jobservice.taskinput", "fields": {"mimetype": "application/octet-stream", "num": 0, "taskdescription": 19}}, {"pk": 19, "model": "jobservice.taskinput", "fields": {"mimetype": "video", "num": 0, "taskdescription": 20}}, {"pk": 20, "model": "jobservice.taskinput", "fields": {"mimetype": "application/octet-stream", "num": 0, "taskdescription": 21}}, {"pk": 21, "model": "jobservice.taskinput", "fields": {"mimetype": "image/png", "num": 0, "taskdescription": 22}}, {"pk": 22, "model": "jobservice.taskinput", "fields": {"mimetype": "video", "num": 0, "taskdescription": 23}}, {"pk": 23, "model": "jobservice.taskinput", "fields": {"mimetype": "video", "num": 0, "taskdescription": 24}}, {"pk": 24, "model": "jobservice.taskinput", "fields": {"mimetype": "video", "num": 1, "taskdescription": 24}}, {"pk": 25, "model": "jobservice.taskinput", "fields": {"mimetype": "video", "num": 0, "taskdescription": 25}}, {"pk": 26, "model": "jobservice.taskinput", "fields": {"mimetype": "application/octet-stream", "num": 0, "taskdescription": 26}}, {"pk": 1, "model": "jobservice.taskoutput", "fields": {"mimetype": "text/plain", "num": 0, "taskdescription": 2}}, {"pk": 2, "model": "jobservice.taskoutput", "fields": {"mimetype": "video/mp4", "num": 0, "taskdescription": 4}}, {"pk": 3, "model": "jobservice.taskoutput", "fields": {"mimetype": "image/png", "num": 0, "taskdescription": 5}}, {"pk": 4, "model": "jobservice.taskoutput", "fields": {"mimetype": "video/mp4", "num": 0, "taskdescription": 6}}, {"pk": 5, "model": "jobservice.taskoutput", "fields": {"mimetype": "application/octet-stream", "num": 0, "taskdescription": 7}}, {"pk": 6, "model": "jobservice.taskoutput", "fields": {"mimetype": "image/png", "num": 0, "taskdescription": 12}}, {"pk": 7, "model": "jobservice.taskoutput", "fields": {"mimetype": "application/octet-stream", "num": 0, "taskdescription": 15}}, {"pk": 8, "model": "jobservice.taskoutput", "fields": {"mimetype": "application/octet-stream", "num": 0, "taskdescription": 16}}, {"pk": 9, "model": "jobservice.taskoutput", "fields": {"mimetype": "video/mp4", "num": 0, "taskdescription": 18}}, {"pk": 10, "model": "jobservice.taskoutput", "fields": {"mimetype": "text/plain", "num": 0, "taskdescription": 21}}, {"pk": 11, "model": "jobservice.taskoutput", "fields": {"mimetype": "image/tiff", "num": 0, "taskdescription": 24}}]